Name,Year,Type,Gender,Rating,Link,Cast,Directors,Description
McLeod's Daughters,2001 ,Serie, Drama ,4.7,https://acorn.tv/mcleod/,"Bridie Carter,Aaron Jeffrey,Rachael Carpani,Lisa Chappell,Myles Pollard","Premio Logie al Nuevo Talento Masculino más Popular, MÁS","Lleno de ""deliciosas tensiones románticas"" (Sydney Herald Sun), este drama australiano sigue a dos hermanas que se reencuentran tras la muerte de su padre. Cuando heredan conjuntamente el rancho familiar que tiene problemas financieros, la astuta ciudadana Tess (Bridie Carter, 800 palabras) y la granjera Claire (Lisa Chappell) trabajan para salvar la propiedad y reconstruir su relación. ""Un enorme éxito"" -The New York Times"
Injustice,2011 ,Serie, Drama ,No Rating,https://acorn.tv/injustice/,"James Purefoy,Charlie Creed‑Miles,Dervla Kirwan,Nathaniel Parker,Sasha Behar","STV, UTV, ITV","Esta tensa historia de suspenso en cinco capítulos narra una historia de asesinato, conspiraciones, secretor y culpa. El abogado William Travers es llamado a defender a un viejo amigo en un homicidio que puede ser mucho más de lo que aparenta, aun cuando la muerte acecha y él se convierte en el blanco."
19-2,2014 ,Serie, Drama ,No Rating,https://acorn.tv/192/,"Mylène Dinh‑Robic,Tattiawna Jones,Tyler Hynes,Alexander De Jordy,Sarah Allen","CTV Television Network, CTV Drama Channel","En este multipremiado drama canadiense, dos policías incompatibles, Nick Barron y Ben Chartier, lucharán contra el crimen y contra las adversidades de su vida personal."
Liverpool 1,1998 ,Serie, Policía procesal ,No Rating,https://acorn.tv/liverpool/,"Mark Womack,Samantha Womack,Tom Georgeson,Paul Usher,Paul Broughton",12,"En busca de un ""equilibrio satisfactorio entre la lucha contra el crimen y la agitación emocional privada"" (The Glasgow Herald), este valioso procedimiento policial sigue a los detectives de los vice-escuadrones Isobel de Pauli (Samantha Womack, Mount Pleasant) y Mark Callaghan (Mark Womack, Babylon). lucha contra el crimen y la corrupción en el peligroso vientre de Liverpool."
Relative Strangers,No year,Serie,No genre,No Rating,https://acorn.tv/relativestrangers/,No casters,No Directors,"Después de una amarga traición, una esposa y madre de la vida cotidiana se enfrenta a un doloroso dilema moral tratando de mantener a su familia unida. Brenda Fricker, ganadora del Oscar por la película Mi pie izquierdo, protagoniza a una mujer de mediana edad, quien poco después de la repentina muerte de su esposo, descubre que él tenía una amante y un hijo gravemente enfermo. Adrian Dunbar, actor en la serie Line of Duty, también protagoniza este ""drama superior"", como lo describe The Irish Independent."
Ms. Fisher's Modern Murder Mysteries,2019 ,Serie, Misterio ,4.6,https://acorn.tv/msfishermodernmysteries/,"Geraldine Hakewill,Joel Jackson,Catherine McClements,Louisa Mignone,Toby Truslove",4,"En este spin-off de la popular serie de misterio australiana, la sobrina perdida de Phryne Fisher, Peregrine (Geraldine Hakewill, Wanted), decide seguir sus elegantes pasos como detective para una nueva era. Con la ayuda del guapo detective James Steed (Joel Jackson, Peter Allen) y un grupo de mujeres consumadas, Peregrine investiga asesinatos en la década de 1960 en Melbourne."
At Home with the Georgians,2010 ,Serie, 1 temporada,No Rating,https://acorn.tv/athomewiththegeorgians/,"Amanda Vickery,Hannah Boyde,Perdita Avery,Amy Marston,Richard Dixon",Inglés,"En este ""animado estudio de la vida cotidiana en los años 1700"" (The Times), la historiadora Amanda Vickery (The Story of Women and Power) explora cómo la gran obsesión británica por embellecer el hogar comenzó hace 300 años. Utilizando los diarios íntimos y las cartas de hombres y mujeres georgianos, previamente perdidos en la historia, explora cómo el deseo de un hogar revolucionó las relaciones entre hombres y mujeres."
"McLeod's Daughters Series 3 - US, Canada, Latin America and United Kingdom - July 27th",No year,Serie,No genre,No Rating,https://acorn.tv/mcleod_cs/,No casters,No Directors,"Las ""deliciosas tensiones románticas"" (Sydney Herald Sun) se intensifican en la Serie 3 de este amado drama australiano mientras los negocios y el placer se mezclan cada vez más. Claire, que está embarazada, (Lisa Chappell) tiene que aceptar que ya no puede hacer todas las cosas que solía hacer, mientras que Tess (Bridie Carter, 800 Words) debe tomar cada vez más decisiones que afectarán no sólo su vida sino la de los demás."
Above Suspicion,2009 ,Serie, Crimen ,No Rating,https://acorn.tv/abovesuspicion/,"Kelly Reilly,Ciarán Hinds,Shaun Dingwall,Amanda Lawrence,Michelle Holmes","ITV, STV, UTV, ITV HD","Esta fascinante serie de detectives de la creadora de Prime Suspect Lynda La Plante sigue a un veterano detective y a su compañero novato mientras investigan crímenes atroces. Con una narrativa apasionante y una ardiente química entre las partes principales, es fácilmente uno de los mejores shows de detectives en la pantalla chica (Wales en Domingo, Reino Unido)."
The Heart Guy,2016 ,Serie, Drama ,4.5,https://acorn.tv/heartguy/,"Rodger Corser,Nicole da Silva,Hayley McElhinney,Ryan Johnson,Tina Bursill","""Going Up the Country"" by; Patience Hodgson","Esta exitosa serie australiana del creador Tony McNamara, nominado al Óscar® por The Favourite, el talentoso, encantador y aparentemente infalible Hugh Knight es una estrella en ascenso en el mundo de la cirugía cardiaca, pero después de un incidente con drogas y alcohol, se ve obligado a regresar a su pueblo natal como médico general y a lidiar con su complicada situación familiar."
Rebus,2000 ,Serie, Drama ,No Rating,https://acorn.tv/rebus/,"Ken Stott,Claire Price,Jennifer Black,John Hannah,Sara Stewart","STV, ITV, UTV","Based on the novels by Ian Rankin, this gritty crime drama stars BAFTA Award winner John Hannah (Four Weddings and a Funeral) and Laurence and Olivier Award winner Ken Stott (The Hobbit) as gruff Scottish detective John Rebus. The world-weary policeman investigates the grisly crimes that mar Edinburgh's historic streets in these sharply written and intricately plotted mysteries."
The Silence,2010 ,Serie, Drama ,No Rating,https://acorn.tv/silence/,"Genevieve Barr,Douglas Henshall,Gina McKee,Hugh Bonneville,Dervla Kirwan",Brístol,"Amelia (Genevieve Barr, Liar) es una adolescente sorda que trata de adaptarse a su entorno mientras pasa una temporada en casa de su tío (Douglas Henshall, Shetland). Una noche es testigo de un crimen monstruoso y usa sus habilidades para hacer justicia. Debe tener cuidado porque en el camino pone en peligro la carrera de su tío y la vida de toda la familia."
Janet King,2014 ,Serie, Drama ,No Rating,https://acorn.tv/janetking/,"Marta Dusseldorp,Hamish Michael,Andrea Demetriades,Damian Walshe‑Howling,Peter Kowitz","ABC Television, ABC","La principal fiscal de gobierno Janet King (Marta Dusseldorp, ""A Place to Call Home"", ""Jack Irish"") procesa casos complejos en este reconocido drama legal australiano. Lleno de giros inesperados, este ""misterio astutamente realizado"" (The Australian) es ""inquietantemente complejo, sombrío, pero siempre intrigante"" (The Wall Street Journal)."
Manhunt,No year,Serie,No genre,No Rating,https://acorn.tv/manhunt/,No casters,No Directors,"Para Manhunt, el aclamado Martin Clunes (Doc Martin) se mete en la piel del inspector en jefe Colin Sutton, quien tenazmente rastreó al asesino serial Levi Bellfield. Una fidedigna versión del caso real que muestra cómo el asesinato de la estudiante francesa Amélie Delagrange en 2004 se fue ligando a los asesinatos de Marsha McDonnell, en 2003, y el secuestro y asesinato de Milly Dowlerin, en 2002."
The Time of Our Lives,2013 ,Serie, Drama ,No Rating,https://acorn.tv/timeofourlives/,"Claudia Karvan,Michelle Vergara Moore,Shane Jacobson,William McInnes,Justine Clarke",Premio AACTA a la Mejor Actriz Protagónica en un Drama Televisivo,"Starring Claudia Karvan (Newton's Law) and a winning ensemble cast, this Australian series follows the adult siblings of the Tivolli clan as they try to cope with the ceaseless pressures of marriage, family, and career. Chronicling that frantic, funny, messy, joyful, and sometimes awful time in one's life, this is a ""quality drama with genuine heart and integrity"" (The Guardian)."
Secret State,2012 ,Serie, Drama Político ,No Rating,https://acorn.tv/secretstate/,"Gabriel Byrne,Gina McKee,Charles Dance,Ruth Negga,Rupert Graves",Channel 4,"El ganador al Golden Globe® Gabriel Byrne (The Usual Suspects) y el nominado al Emmy® Charles Dance (Game of Thrones) estelarizan este thriller basado en la novela de Chris Mullin. Byrne es el viceprimer ministro del Reino Unido que será súbitamente catapultado a un mundo enredado de juegos políticos, conspiraciones, espías y sabotaje, donde ciertas fuerzas desean más poder a costa de otros."
Place of Execution,2008 ,Serie, Drama,No Rating,https://acorn.tv/placeofexecution/,"Juliet Stevenson,Lee Ingleby,Greg Wise,Philip Jackson,Emma Cunniffe",Patrick Harbinson,"En este misterio ""ingenioso que te atrapa al instante"" (Variety), la reportera Catherine Heathcote quiere hacer un documental acerca de la repentina desaparición de una adolescente en 1963, pero los eventos la fuerzan a reexaminar la investigación original, encabezada por el detective George Bennet, a pesar de que la evidencia amenace con arruinar la vida de todos los involucrados."
The Broker's Man,1997 ,Serie, Drama ,No Rating,https://acorn.tv/brokersman/,"Kevin Whately,Annette Ekblom,Al Hunter Ashton,Danny Worters,Holly Davidson",Reino Unido,"Jimmy Griffin es un ex-policía convertido en investigador de compañía de seguros en esta entrañable serie de detectives. La astucia e intuición de Jimmy son muy apropiadas a la tarea de desenmascarar estafadores e infractores. Con su entrenamiento policial, él es capaz de encargarse de cualquier caso, no importa cuán peligroso. Si sólo tuviese tanto éxito en su vida personal."
Vera,2011 ,Serie, Crimen ,4.8,https://acorn.tv/vera/,"Brenda Blethyn,Jon Morrison,Kenny Doughty,Riley Jones,David Leon","ITV, STV","La dos veces nominada al Oscar Brenda Blethyn interpreta a DCI Vera Stanhope, una investigadora solitaria, obsesiva, cáustica y brillante. Basado en las novelas más vendidas de Ann Cleeves, este drama atmosférico ofrece personajes convincentes, excelentes actuaciones y misterios de suspenso."
A Place to Call Home,2013 ,Serie, Drama ,4.8,https://acorn.tv/placetocallhome/,"Marta Dusseldorp,Noni Hazlehurst,Brett Climo,Abby Earl,David Berry","Bevan Lee, David Hannam, Hamilton Budd, MÁS","Este adictivo drama de época filmado con esplendor y actuado con maestría, expone lo que une y separa a las familias. En esta ""saga irresistible"" (Wall Street Journal), Sarah (Marta Dusseldorp-Janet King) regresa a Australia, luego de veinte años fuera, quien logra conquistar a George, un codiciado viudo, pero también debe lidiar con la madre (Noni Hazlehurst), una mujer intransigente."
The Secret,2016 ,Serie, 1 temporada,No Rating,https://acorn.tv/thesecret/,"Genevieve O'Reilly,Laura Pyper,Glen Wallace,Nina Woods,Jack Erdis",Premio de Televisión de la Academia Británica a la Mejor Miniserie,"En un pueblo próspero en el norte de Irlanda, Colin Howell (James Nesbitt, Cold Feet) es un esposo amoroso, padre y líder religioso. Pero cuando conoce a Hazel Buchanan (Genevieve O'Reilly, Rogue One), los dos se embarcan en un amorío tórrido que tendrá consecuencias catastróficas para sus familias y para la comunidad. ""James Nesbitt es creíblemente aterrador en este cuento verdadero y devastador"". -- The Telegraph (UK)."
Bucket,2017 ,Serie, Comedia de situación ,No Rating,https://acorn.tv/bucket/,"Frog Stone,Miriam Margolyes,Stephanie Beacham,Catherine Steadman,Cyril Nri",Rebecca Rycroft,"En esta historia cómica de 4 episodios, el dúo disparejo de una madre e hija tratará de cumplir los últimos deseos de Mim, madre de espíritu libre que le avisa a su tímida hija, Fran, que pronto morirá; así, viajarán en auto para realizar los sueños pendientes de Mim, donde les esperan aventuras y situaciones divertidas para olvidar la tragedia y abrir a paso agigantado a las carcajadas."
Mount Pleasant,2011 ,Serie, Comedia ,No Rating,https://acorn.tv/mountpleasant/,"Sally Lindsay,Daniel Ryan,Bobby Ball,Ainsley Howard,Adrian Bower","Sky One, Sky Witness","Drama y comedia se unen para narrar tanto los triunfos como las indignaciones de una pareja de los suburbios de Manchester, donde todos se conocen y se sienten con derecho a meterse en la vida de los demás. Sally Lindsay (Scott & Bailey) y Daniel Ryan (Home Fires) estelarizan esta serie de clásico humor británico que sucede entre baños aromáticos, chismes laborales y conversaciones en el bar local."
The Driver,2014 ,Serie, Drama ,No Rating,https://acorn.tv/driver/,"David Morrissey,Sacha Parkinson,Claudie Blakley,Nathan McMullen,Lewis Rainer","Danny Brocklehurst, Jim Poyser","En esta miniserie cargada de adrenalina, Vince McKee (David Morrissey, The Walking Dead) es un taxista harto de lidiar con pasajeros difíciles, un auto en mal estado y un sueldo miserable. Su vida cambia dramáticamente cuando el jefe de una pandilla (Colm Meaney, Star Trek: The Next Generation) lo contrata como chofer, con auto de lujo, buena paga y uno que otro susto incluídos."
Reggie Perrin,2009 ,Serie, Comedia de situación ,No Rating,https://acorn.tv/reggieperrin/,"Martin Clunes,Lucy Liemann,Fay Ripley,Geoffrey Whitehead,Neil Stuke","Ronnie Hazlehurst, Jonathan Whitehead, Mark Thomas","Esta delicadamente balanceada comedia negra (Guardian, Reino Unido) sigue a un empleado corporativo de bajo nivel al borde de una crisis."
"Love, Lies and Records",2017 ,Serie, Drama ,No Rating,https://acorn.tv/loveliesrecords/,"Ashley Jensen,Kenny Doughty,Adrian Bower,Rebecca Front,Mark Stanley",Kay Mellor,"La nominada al Emmy® Ashley Jensen (Ugly Betty) protagoniza en este conmovedor drama sobre una oficina de registro, donde la gente registra nacimientos, matrimonios y muertes. La registradora Kate Dickenson lucha por equilibrar una agitada vida hogareña mientras lidia con el desgaste emocional de su trabajo y se enfrenta a un colega celoso que podría poner en peligro su carrera y sus relaciones."
Doc Martin,2004 ,Serie, Drama ,4.9,https://acorn.tv/docmartin/,"Martin Clunes,Caroline Catz,Ian Mcneice,Joe Absolom,John Marquez","Dominic Minghella, Craig Ferguson, Mark Crowdy","El ganador del BAFTA por Men Behaving Badly, Martin Clunes, es el doctor Martin Ellingham, un médico sin tacto, autocentrado y altivo, cuya fobia a la sangre lo obligó a mudarse a la vida rural de Portwenn, Cornwall, donde ahora tiene que lidiar con pintorescos personajes para los que nuestro misántropo héroe no tiene paciencia; excepto, quizá, por la encantadora Louisa, la maestra del pueblo."
Doctor Finlay,1993 ,Serie, Drama ,No Rating,https://acorn.tv/drfinlay/,"David Rintoul,Ian Bannen,Annette Crosbie,Margo Gunn,Gordon Reid",27,"Based on the classic stories by A.J. Cronin, this charming period drama follows Dr. Finlay (David Rintoul, Pride and Prejudice), who returns home after WWII to a rundown medical practice in a Scottish village. There, he confronts small-town politics as he advocates for change. Annette Crosbie (Calendar Girls) and Oscar nominee Ian Bannen (Waking Ned Devine) co-star."
A Music Lover's Guide to Murdoch Mysteries,No year,Serie,No genre,No Rating,https://acorn.tv/murdochmusiclover/,No casters,No Directors,"En este episodio especial y exclusivo, acompaña a la estrella de Murdoch Mysteries, Yannick Bisson, y a la Orquesta Sinfónica de Toronto para disfrutar un concierto detrás de las cámaras en el que un conjunto de renombre mundial tocará para ti la música popular de las eras eduardiana y victoriana. El detective William Murdoch en persona te platicará la historia detrás de cada pieza. ¡No te lo pierdas!"
Ms. Fisher's Modern Murder Mysteries - Coming Soon,No year,Serie,No genre,No Rating,https://acorn.tv/msfishermodernmysteries_cs/,No casters,No Directors,"Series availability varies by country. In this spin-off to the wildly popular Australian mystery series, Phryne Fisher's long-lost niece, Peregrine (Geraldine Hakewill, Wanted), decides to follow in her stylish footsteps as a lady detective for a new era. With the help of the handsome, straitlaced Detective James Steed (Joel Jackson, Peter Allen) and a group of accomplished women, Peregrine investigates murders in 1960s Melbourne."
Bon Voyage,No year,Serie,No genre,5.0,https://acorn.tv/bonvoyage/,"V,Jungkook,Agust D,Jimin,RM",Coreano,"Los planes de una familia británica para vacacionar en el sur de Francia se convierten en la peor pesadilla de un padre cuando se encuentran con una pareja misteriosa que parece estar siguiéndolos. Fay Ripley (Cold Feet), Ben Miles (The Crown), Daniel Ryan (Mount Pleasant) y Rachel Blake (Truth) protagonizan en este misterio tenso y aterrador del director de Orphan Black."
Very Small Business,2008 ,Serie, Comedia ,No Rating,https://acorn.tv/verysmallbusiness/,"Wayne Hope,Robyn Butler,Kim Gyngell,Molly Daniels,Marg Downey","Wayne Hope, Robyn Butler, Gary McCaffrie","Don Angel es un empresario algo turbio y con trastornos de personalidad quien, tras varios negocios fallidos, quiere evitar la ruina de su imperio, pero solo acumula más deudas, sufre de problemas estomacales y su esposa lo deja. Por eso decide buscar el apoyo en Ray Leonard, un periodista célebre, pero con depresión crónica. Nada mejor que un dúo excéntrico para salir adelante."
Chasing Shadows,2014 ,Serie, Drama ,No Rating,https://acorn.tv/chasingshadows/,"Alex Kingston,Reece Shearsmith,Noel Clarke,Alfie Field,Don Warrington",Rob Williams,"Reece Shearsmith interpreta a DS Sean Stone, quien tiene una extraña habilidad para identificar y predecir patrones de comportamiento humano. Él sabe cómo trabaja la gente, pero no los comprende. Alex Kingston (Doctor Who) co-estrellas."
A Difficult Woman,1998 ,Serie, Drama,No Rating,https://acorn.tv/difficultwoman/,"Caroline Goodall,Peter Feeney,Julia Blake,Tara Morice,Anna Lise Phillips","Drama, Película de misterio","En este apasionante misterio australiano, la Dra. Anne Harriman (Caroline Goodall, Schindler's List, Hook) tiene una brillante carrera en patología investigativa trabajando para una compañía farmacéutica internacional. Pero cuando su mejor amiga es asesinada, Anne busca implacablemente al asesino, desafiando a los que están en el poder y arriesgándolo todo para descubrir la verdad."
Agatha Raisin,2014 ,Serie, Misterio ,4.3,https://acorn.tv/agatharaisin/,"Ashley Jensen,Jamie Glover,Mathew Horne,Matt McCooey,Lucy Liemann",Matthew Mulot,"Ashley Jensen protagoniza en este misterio supremo de un pueblo británico basado en los exitosos libros de M.C. Beaton. Para cumplir el sueño de toda una vida, Agatha Raisin se retira a un pueblo pintoresco en los Cotswolds y pronto encuentra una segunda carrera como detective amateur que investiga las travesuras, los disturbios y los asesinatos en este retorcido pueblo."
Britain's Bloody Crown,No year,Serie,No genre,No Rating,https://acorn.tv/britainsbloodycrown/,No casters,No Directors,"Presentado por el galardonado autor/reportero y aclamado historiador Dan Jones (La Dinastía Más Sangrienta de Gran Bretaña), este documental en cuatro partes revela la verdadera historia de La Guerra de las Rosas como nunca antes."
The Other One,2017 ,Serie, Comedia de situación ,4.9,https://acorn.tv/otherone/,"Lauren Socha,Ellie White,Siobhan Finneran,Rebecca Front,Amit Shah","BBC, BBC One","Cuando su marido muere en su fiesta sorpresa, Tess (Rebecca Front, Humans) se lleva una sorpresa aún mayor cuando se entera de que tenía una familia secreta. Ahora ella y su tensa hija, Cathy (Ellie White, The Windsors), deben conocer a la juguetona Marilyn (Siobhan Finneran, Loch Ness) y a su hija, Cat (Lauren Socha, Misfits). ""Muy divertida... y conmovedora exploración del amor, la pena, el perdón y la familia"" (Guardian)."
Vintage Roads: Great and Small,2018 ,Serie, 1 temporada,No Rating,https://acorn.tv/vintageroads/,"Christopher Timothy,Peter Davison,Cuban Chrome,The Yorkshire Vet,Top Gear",23 de octubre de 2018,"Christopher Timothy y Peter Davison, estrellas de All Creatures Great & Small, son los anfitriones de este viaje a la edad de oro del automovilismo. Tras el volante de un coche clásico, emprenden una serie de viajes por carretera a lo largo de hermosas carreteras de época para experimentar las emociones de la época en la que la gente se enamoró por primera vez del automóvil y cuando la carretera abierta era una puerta a la aventura y la exploración."
800 Words,2015 ,Serie, Comedia dramática ,4.8,https://acorn.tv/800words/,"Erik Thomson,Melina Vidler,Benson Jack Anthony,Rick Donald,Anna Jullienne","Logie Award for Most Outstanding Newcomer - Actress, Premio Logie al Actor Más Popular","Este dulce y refrescante drama familiar aclamado como ""maravilloso"" (Tribune NS) sigue la reciente decisión del viudo George Turner de comenzar de nuevo en la ciudad costera de Weld en Nueva Zelanda. Los invasores australianos se convirtieron rápidamente en el centro de atención en esta pequeña ciudad poblada por lugareños extraños y maravillosos."
The Delivery Man,2015 ,Serie, Comedia de situación ,No Rating,https://acorn.tv/deliveryman/,"Darren Boyd,Fay Ripley,Llewella Gideon,Aisling Bea,Alex Macqueen","Victoria Pile, Robert Harley","Esta encantadora dramedia británica la protagoniza Darren Boyd (Fortitude) como Matthew Bunting, un expolicía que se convierte en el primer partero varón en la Unidad de Maternidad de Easthill Park. Co-protagoniza Fay Ripley (Cold Feet)."
Accused,2010 ,Serie, Drama ,No Rating,https://acorn.tv/accused/,"Olivia Colman,Sean Bean,David Blair,Thomas Brodie‑Sangster,Andrew Readman","Jimmy McGovern, Danny Brocklehurst",Esta serie de antología repleta de estrellas sigue a un personaje diferente en cada episodio.
Agatha Christie's Partners in Crime,2015 ,Serie, Drama ,No Rating,https://acorn.tv/partnersincrime/,"Jessica Raine,David Walliams,James Fleet,Matthew Steer,Clarke Peters","El misterio de Sans Souci, El misterioso señor Brown","Basada en las novelas de los bienamados Tommy y Tuppence de Agatha Christie, esta brillante adaptación tiene lugar en Inglaterra durante la guerra fría. Constantemente discutiendo y bromeando, la pareja se encuentra involucrada en una serie de misterios y complots de espionaje."
Bletchley Circle,2012 ,Serie, Drama ,No Rating,https://acorn.tv/bletchleycircle/,"Rachael Stirling,Julie Graham,Sophie Rundle,Anna Maxwell Martin,Hattie Morahan",The Bletchley Circle: San Francisco,"Este misterio ""inteligente, adictivo"", (Variety) sigue a un grupo de rompe códigos que trabajaron en Bletchley Park en la Segunda Guerra Mundial. Una década después, las mujeres se reunen cuando una de ellas nota un patrón en una serie de asesinatos que sus destrezas únicas podrían resolver. Protagonizada por Anna Maxwell Martin (La muerte viene a Pemberley), Rachael Stirling (Detectorists), Julie Graham (Shetland), y Sophie rundle (Peaky Blinders). Este misterio ""inteligente, adictivo"", (Variety) sigue a un grupo de antiguos rompe códigos de Blethley Park que se reunen para resolver una serie de asesinatos en Gran Bretaña en los años 1950s."
The Nest,2020 ,Serie, Suspenso ,4.4,https://acorn.tv/nest/,"Mirren Mack,Martin Compston,Sophie Rundle,Liz Ewing,Shirley Henderson",Nicole Taylor,"Martin Compston (Line of Duty) y Sophie Rundle (Bodyguard) protagonizan este drama escocés de suspenso sobre una pareja rica que haría cualquier cosa por tener un bebé. Tras un encuentro casual, reclutan a una joven de 18 años pasando por una mala racha (Mirren Mack, Sex Education) para que sea una madre de alquiler, pero surgen secretos sobre el pasado de la chica que podrían hacerlos que se arrepientan de su trato. ""Atractivo, intrigante"" - The Guardian."
Hamish Macbeth,1995 ,Serie, Misterio ,No Rating,https://acorn.tv/hamishmacbeth/,"Robert Carlyle,Ralph Riach,Brian Pettifer,Stuart Davids,Shirley Henderson",20,"Basado en los queridos misterios de M.C. Beaton (Agatha Raisin), en Hamish Macbeth protagoniza Robert Carlyle en el papel del título como un policía rural sin ambiciones. Hamish patrulla el hermoso pueblo de Highland de Lochdubh con su pareja canina indispensable, Wee Jock. CC Disponible."
The Fragile Heart,1996 ,Serie, Drama médico ,No Rating,https://acorn.tv/fragileheart/,"Nigel Hawthorne,Dearbhla Molloy,Helen McCrory,Dominic Mafham,Robert Langdon Lloyd","Premio de Televisión de la Academia Británica al Mejor Serial de Drama, MÁS","El renombrado cirujano cardíaco Edgar Pascoe es un hombre urbano, ambicioso y totalmente confiado en sus habilidades. Pero una sucesión de acontecimientos sacude los cimientos de su vida personal y profesional en esta """"convincente"""" miniserie """"sobre la fragilidad del alma"""" (New Zealand Herald). Protagonizada por Nigel Hawthorne (The Madness of King George), que ganó un BAFTA al mejor actor, y Helen McCrory (Peaky Blinders)."
The Good Karma Hospital,2017 ,Serie, Drama ,4.8,https://acorn.tv/goodkarmahospital/,"Amrita Acharya,Amanda Redman,James Floyd,Neil Morrissey,Nimmi Harasgama",Dan Sefton,"Buscando un nuevo comienzo, la Dra. Ruby Walker (Amrita Acharia, Game of Thrones) toma un trabajo en la India en el destartalado Hospital Good Karma, dirigido por la formidable Dra. Lydia Fonseca (Amanda Redman, New Tricks). En este conmovedor drama también protagonizan Phyllis Logan (Downton Abbey), Philip Jackson (Poirot, de Agatha Christie) y Darshan Jariwalla (Sense8)."
The Brokenwood Mysteries,2014 ,Serie, Drama ,4.8,https://acorn.tv/brokenwoodmysteries/,"Fern Sutherland,Neill Rea,Cristina Șerban,Pana Hema Taylor,Nic Sampsom","Joshua Frizzell, Michael Hurst, Murray Keane, Katie Wolfe, Oliver Driver, Aidee Walker, Mike Smith","Esta peculiar serie neozelandesa de misterio y crimen sigue al detective Mike Shepherd, recién llegado al tranquilo Brokenwood en su auto clásico, su colección de música country y quién sabe cuántas exesposas. Su asistente, la detective Kristin Sims, quince años más joven que su auto, trabaja según las reglas. Juntos comprobarán que un pueblo chico siempre está lleno de secretos macabros."
Amnesia,2004 ,Serie, Suspenso ,No Rating,https://acorn.tv/amnesia/,"Anthony Calf,Jemma Redgrave,John Hannah,Patrick Malahide,Brendan Coyle",Chris Lang,"Aclamada por Variety como fascinante con un elenco estelar, esta película de suspense es protagonizada por John Hannah (La Momia) en el papel de DS Mack Stone, quien, mientras va en búsqueda de su esposa desaparecida, descubre un asesinato encubierto por una pretensión de amnesia. Pero, en la medida en que Stone investiga, comienza a dudar sus propios recuerdos. Coprotagonizada por Jemma Redgrave (Bramwell), Anthony Calf (New Tricks), y Brendan Coyle (Downton Abbey)."
Jack Irish,2016 ,Serie, Crimen ,No Rating,https://acorn.tv/jackirish/,"Marta Dusseldorp,Guy Pearce,Aaron Pedersen,Roy Billing,Shane Jacobson","Andrew Knight, Matt Cameron, Andrew Anastasios","El ganador del Emmy® Guy Pearce (Iron Man 3) encarna al ex abogado criminal convertido en detective privado Jack Irish en esta aclamada serie noir australiana. Con la ayuda de Linda Hillier, y en ocasiones interés amoroso, Jack investiga casos que lo llevan a los círculos más oscuros de Melbourne . ""Romántica, exótica, llena de suspenso e ingenio ácido, Jack es el paquete completo"" TV Guide"
White Teeth,2002 ,Serie, Drama ,No Rating,https://acorn.tv/whiteteeth/,"Phil Davis,Om Puri,Naomie Harris,Archie Panjabi,Christopher Simpson",4,"Esta comedia épica adaptada de la novela ganadora de premios escrita por Zadie Smith cuenta la historia de tres familias que viven en Willesden, al noroeste de Londres. Sus vidas, pasadas y presentes, se entretejen con comedia y estilo a lo largo de tres décadas en el crisol cultural de la Bretaña moderna."
The Sommerdahl Murders (Danish Version),No year,Serie,No genre,No Rating,https://acorn.tv/sommerdahl_intl/,No casters,No Directors,"DCI Dan Sommerdahl investiga asesinatos en una encantadora ciudad costera danesa con su mejor amigo, el detective Flemming Torp, y su esposa, Marianne, una técnica criminal. Pero los años de devoción de Dan por el trabajo han dañado su matrimonio, y con Marianne queriendo divorciarse, Dan descubre que su rival por sus afectos no es otro que su mejor amigo. Y todos deben trabajar juntos para resolver crímenes."
Party Tricks,2014 ,Serie, Romance ,No Rating,https://acorn.tv/partytricks/,"Asher Keddie,Rodger Corser,Ash Ricardo,Angus Sampson,Adam Zwar","Network 10, Eleven","Love and politics make for scandalous bedfellows in this sizzling Australian drama. Rodger Corser (The Heart Guy) and Asher Keddie (Offspring) star as rival candidates for elected office who had a secret, tumultuous affair years earlier. Now unexpectedly pitted against each other for State Premier, can they keep the campaign aboveboard - or is their past poised to upset the race?"
Anzac Girls,2014 ,Serie, Drama ,No Rating,https://acorn.tv/anzacgirls/,"Georgia Flood,Anna McGahan,Laura Brent,Caroline Craig,Antonia Prebble","Premio Logie al Mejor Nuevo Talento, MÁS","Cinco jóvenes australianas y neo zelandesas encuentran amor, desengaño y amistad verdadera durante la Primera Guerra Mundial."
Hidden (Welsh Version),No year,Serie,No genre,No Rating,https://acorn.tv/hidden_intl/,No casters,No Directors,"Cuando el cuerpo de una mujer joven aparece con evidencia de que había sido prisionera, la investigación lleva al DI Cadi John (Sian Reese-Williams, Requiem) a una serie de desapariciones en un rincón remoto pero llamativo de Gales. Este thriller negro del equipo detrás de Hinterland es un misterio apasionante con ""excelentes actuaciones en todos los aspectos"" (KillingTimes.tv)."
The Slap,2011 ,Serie, Drama ,No Rating,https://acorn.tv/slap/,"Melissa George,Sophie Okonedo,Jonathan LaPaglia,Essie Davis,Alex Dimitriades","Jessica Hobbs, Matthew Saville, Tony Ayres, Robert Connolly","Basado en la novela de Christos Tsiolkas, este drama australiano explora cómo un solo suceso puede tener consecuencias importantes para un grupo de familia y amigos."
East of Everything,2008 ,Serie, Drama ,No Rating,https://acorn.tv/eastofeverything/,"Tom Long,Richard Roxburgh,Susie Porter,Kathryn Beck,Gia Carides",13,"En este drama australiano, lleno de humor y melancolía, Art Watkins se ve obligado a regresar a casa en Broken Bay tras el fallecimiento de su madre, quien deja estipulado en su testamento que él debe reabrir el pequeño hostal familiar junto con su hermano Vance, a quien no ve desde hace años. A regañadientes, Art empezará a dejarse envolver por la vida de los locales, incluyendo a su exprometida."
Striking Out,2017 ,Serie, Drama legal ,No Rating,https://acorn.tv/strikingout/,"Amy Huberman,Rory Keenan,Emmet Byrne,Neil Morrissey,Fiona O'Shaughnessy","Lisa James Larsson, Simon Massey","En este cautivador drama de Acorn TV, Tara Rafferty (Amy Huberman, The Clinic) es una abogada exitosa en Dublín, comprometida con otro compañero de la firma donde labora, pero su vida da un vuelco inesperado al descubrir que su futuro esposo la engaña con otra colega, por lo que rompe su compromiso y deja su trabajo. Tara tendrá una vida nueva donde abrirá un despacho jurídico bastante peculiar."
Undeniable,2014 ,Serie, Suspenso ,No Rating,https://acorn.tv/undeniable/,"Claire Goose,Felix Scott,Christine Bottomley,Pippa Haywood,Peter Firth","ITV, STV, UTV","De niña, Jane Philips (Claire Goose, Waking the Dead) sobrevivió al ataque brutal de un hombre que asesinó a su madre. Veinte años después, se topa con él cara a cara. No obstante, Andrew Rawlins (Peter Firth, MI-5) es un doctor renombrado. Jane está segura de que él es el asesino, pero ante la duda de muchos, ¿será que el trauma está jugando con su mente? Y si no, ¿cómo podría demostrarlo?"
Bed of Roses,2008 ,Serie, Drama ,No Rating,https://acorn.tv/bedofroses/,"Kerry Armstrong,Julia Blake,Hanna Mangan‑Lawrence,Jay Laga'aia,Caroline Gillmer",Miranda Dear; Amanda Higgs,"La protagonista de esta tierna dramedy australiana, Louisa Atherton, una joven acostumbrada a la vida holgada, de pronto enviuda a los 49 años y su vida se pone de cabeza. Ahora, sin un centavo, ella y su hija adolescente regresan al hogar maternal, una casucha desvencijada donde vive la abuela que hace tiempo no ven. ¿Podrá Louisa reinventarse y reparar sus relaciones familiares?"
Run,2020 ,Serie, thriller cómico ,3.5,https://acorn.tv/run/,"Merritt Wever,Phoebe Waller‑Bridge,Domhnall Gleeson,Archie Panjabi,Rich Sommer",HBO,"Ganadora del premio Royal Television Society al mejor escritor, esta conmovedora miniserie británica enlaza las historias de cuatro personas que deben tomar decisiones cruciales en su vida. Contundente e implacable, pero llena de humanidad y esperanza, ""Run"" explora cómo todas las decisiones tienen consecuencias en un mundo interconectado. Protagonizan Olivia Colman (Broadchurch), Lennie James (The Walking Dead) y Katie Leung (Harry Potter)."
Thorne,2010 ,Serie, Crimen ,No Rating,https://acorn.tv/thorne/,"David Morrissey,Lorraine Ashbourne,Aidan Gillen,O. T. Fagbenle,Eddie Marsan","Premio Gemini a la Mejor Actuación de un Actor de Reparto en un Programa o Miniserie Dramática, MÁS",Este drama policíaco británico cuenta con un elenco estelar y apasionantes misterios criminales.
The Commander,2003 ,Serie, Crimen ,No Rating,https://acorn.tv/commander/,"Amanda Burton,Paul Brightwell,Matthew Marsh,Poppy Miller,Mark Lewis Jones","STV, UTV, ITV","Esta cautivante serie de suspenso de la creadora de Prime Suspect Lynda La Plante sigue las investigaciones de crímenes del Comandante Clare Blake, la mujer oficial de más alto rango del Nuevo Scotland Yard, la Comandante del Grupo de Crímenes Graves, y líder del Grupo de Análisis de Asesinatos."
The Secret Agent,2016 ,Serie, Drama ,No Rating,https://acorn.tv/secretagent/,"Toby Jones,Vicky McClure,David Dawson,Charlie Hamblett,Stephen Graham",Tony Marchant,"En esta adaptación de la novela intrigante de Joseph Conrad, el nominado al Golden Globe® Toby Jones (The Hunger Games) es Anton Verloc, el discreto dueño de una tienda en la época Victoriana en Soho, que también trabaja de espía para el gobierno ruso, sin que su esposa fiel, Winnie (Vicky McClure, Line of Duty) ni nadie más se percate. Una encrucijada explosiva entre la política y el anarquismo."
Growing Up Gracefully,No year,Serie,No genre,No Rating,https://acorn.tv/growingupgracefully/,No casters,No Directors,"Hannah y Eliza son dos hermanas jóvenes que al encontrar un libro de los años 50 para señoritas con consejos sobre cómo crecer de manera agraciada, se sorprenderán y diseñarán un experimento: una de ellas seguirá las reglas antiguas mientras que la otra hará lo opuesto y se apegará a la generación moderna, influenciada por internet. ¿Acaso obtendrán la clave de cómo crecer de manera agraciada?"
Foyle's War,2002 ,Serie, Drama ,5.0,https://acorn.tv/foyleswar/,"Honeysuckle Weeks,Michael Kitchen,Anthony Howell,Julian Ovenden,James McAvoy","ITV, STV, UTV","Mientras que la Segunda Guerra Mundial prosigue del otro lado del Canal, el detective Christopher Foyle permanece de mala gana en su puesto en este pacífico pueblo costero inglés. La temporada 9 tiene a Foyle investigando casos relacionados con la política petrolera internacional, antisemitismo, y las actividades bélicas de la DOE."
Fortitude,2015 ,Serie, Misterio ,4.0,https://acorn.tv/fortitude/,"Richard Dormer,Sofie Gråbøl,Luke Treadaway,Sienna Guillory,Dennis Quaid",presente,"Este thriller es sobre el pueblo más ""seguro"" del Ártico, hasta que empiezan muertes extrañas, mientras que la incrédula población va revelando, junto con el hielo que se derrite, secretos mortales, con lo que se desata un caos. La gobernadora, la policía, los doctores y científicos lucharán para dar con el asesino. Estelarizan Michael Gambon, Stanley Tucci, Richard Dormer y Christopher Eccleston."
Dead Lucky,2018 ,Serie, Crimen ,No Rating,https://acorn.tv/deadlucky/,"Yoson An,Rachel Griffiths,Susana Tang,Ian Meadows,Mojean Aria","Logie Award for Most Outstanding Supporting Actor, MÁS","La actriz nominada al Oscar® Rachel Griffiths (Six Feet Under) protagoniza este misterio cinematográfico. La detective Grace Gibbs esta obsesionada con atrapar al asaltante armado que mató a su pareja, mientras que su nuevo aprendiz (Yoson An, Mortal Engines) la culpa de la muerte de su mejor amigo. Los detectives en riña deben trabajar juntos para atrapar a un asesino que deja en su camino vidas rotas por todo Sídney."
The Good Karma Hospital Series 1 and 2 - Latin America - July 27,No year,Serie,No genre,No Rating,https://acorn.tv/goodkarmahospital_cs/,No casters,No Directors,"Buscando un nuevo comienzo, la Dra. Ruby Walker (Amrita Acharia, Game of Thrones) toma un trabajo en la India en el destartalado Hospital Good Karma, dirigido por la formidable Dra. Lydia Fonseca (Amanda Redman, New Tricks). En este conmovedor drama también protagonizan Phyllis Logan (Downton Abbey), Philip Jackson (Poirot, de Agatha Christie) y Darshan Jariwalla (Sense8)."
The Palace,2008 ,Serie, Drama ,No Rating,https://acorn.tv/palace/,"Zoe Telford,Sophie Winkleman,Rupert Evans,Roy Marsden,Sebastián Armesto","ITV, STV, UTV","Luego de la repentina muerte del rey James III, su hijo Richard, de 24 años y muy proclive a los excesos, asciende el trono de Inglaterra, muy a pesar de su hermana mayor. Disputas rencorosas, libros contándolo todo, y escándalos amenazan con destruir a la familia y al rey mismo."
Cold Call,No year,Serie,No genre,No Rating,https://acorn.tv/coldcall/,"Sally Lindsay,Katie Redford,Taj Atwal,Daniel Ryan,Paul Higgins",Mark Buckland,"Thriller oscuro en el que June (Sally Lindsay), una madre soltera, cae víctima de un fraude telefónico, por lo que pierde todos los ahorros que obtuvo al vender su casa. Para salvar el futuro de su familia buscará a los responsables con la ayuda de Des (Daniel Ryan), un viejo conocido, y tomará medidas cada vez más desesperadas para lograr su objetivo. ""Es un drama convincente"" (The Times)."
Patrick Melrose,2018 ,Serie, Drama ,4.7,https://acorn.tv/patrickmelrose/,"Benedict Cumberbatch,Jennifer Jason Leigh,Hugo Weaving,Jessica Raine,Anna Madeley","Sky Atlantic, Showtime","Benedict Cumberbatch interpreta a la perfección los cómicos y devastadores altibajos de la vida de un aristócrata inglés, desde su traumática infancia, bajo el cuidado de un padre abusivo (Hugo Weaving, The Lord of the Rings, The Matrix) y madre negligente (Jennifer Jason Leigh, The Hateful Eight), al clímax de su adicción a la heroína y sus intentos por mantenerse sobrio para apoyar a su familia."
The Level,2016 ,Serie, Suspenso ,No Rating,https://acorn.tv/level/,"Karla Crome,Laura Haddock,Rob James‑Collier,Lindsey Coulson,Noel Clarke",Gaby Chiappe,"Esta emocionante serie original de Acorn TV presenta ""un gran elenco y una trama llena de vueltas de tuerca"" (Evening Standard, UK) La detective Nancy Devlin es una buena policía con un oscuro secreto: ve al narcotraficante Frank Le Saux como un padre."
¿Qué es Acorn TV?,No year,Serie,No genre,No Rating,https://acorn.tv/whatisacorntv/,No casters,No Directors,"Bienvenido(a) a Acorn TV. Aquí podrás disfrutar de misterios emocionantes, dramas imperdibles y comedias cálidas desde Gran Bretaña y más allá. Disfruta maratones exclusivos de programas internacionales y galardonados de clase mundial en Acorn TV. Con miles de horas de programación y nuevos estrenos todos los jueves, siempre tendrás algo para ver. Todo el contenido está disponible en su idioma original, inglés, y con subtítulos en español."
Family Business (Clean Version),No year,Serie,No genre,No Rating,https://acorn.tv/familybusiness_intl/,No casters,No Directors,"En este brillante drama francés, la madre y la hija Astrid (Catherine Marchal) y Audrey (Ophélia Kolb) son abogadas especializadas en derecho de familia que toman la peligrosa decisión de trabajar juntas. Junto con su compañera Sofía (Charlotte des Georges), tratan con clientes que van desde una pareja divorciada que se pelea por su bulldog hasta turbios negocios de fertilidad. ""Divertida, conmovedora y cálida"" - Marie Claire."
Moving On,2009 ,Serie, Drama ,No Rating,https://acorn.tv/movingon/,"Melanie Kilburn,Jo‑Anne Knowles,Paula Wilcox,Jack Deam,Amy Nuttall",Jimmy McGovern,"Esta multipremiada antología creada por Jimmy McGovern (Cracker, The Street) explora los momentos de crisis que las personas atraviesan en sus vidas y cómo salen adelante. Con participaciones estelares de actores invitados de primer nivel, cada episodio sigue a un personaje central que enfrenta problemas relevantes en la sociedad contemporánea, y muestra la vastedad de la naturaleza humana."
George Gently,2007 ,Serie, Crimen ,4.9,https://acorn.tv/georgegently/,"Martin Shaw,Lee Ingleby,Simon Hubbard,Lisa McGrillis,Melanie Clark Pullen","BBC, BBC One","En esta aclamada serie de la BBC, el inspector George Gently es un policía incorruptible que resuelve crímenes en el noreste de Inglaterra a mediados de los años sesenta."
Mr. and Mrs. Murder,2013 ,Serie, Comedia ,No Rating,https://acorn.tv/mrandmrsmurder/,"Shaun Micallef,Kat Stewart,Jonny Pasvolsky,Lucy Honigman,Georgina Naidu","Shaun Micallef, Jason Stephens","En esta producción australiana, la muy divertida y coqueta pareja de casados Nicola y Charlie Buchanan trabajan limpiando escenas del crimen. Estos detectives amateur pronto se dan cuenta que revolver un crimen es tan natural para ellos como limpiar el lugar donde se cometió."
Girlfriends,2018 ,Serie, Drama ,No Rating,https://acorn.tv/girlfriends/,"Phyllis Logan,Zoë Wanamaker,Miranda Richardson,Matthew Lewis,Daisy Head",Ain't No Mountain High Enough,"Acclaimed actresses Phyllis Logan (The Good Karma Hospital, Downton Abbey), Miranda Richardson (Harry Potter films), and Zoe Wanamaker (Poirot) star in this addictive new drama from Kay Mellor, the BAFTA Award-winning creator of Love, Lies & Records. Three women of a certain age are juggling the challenges of modern life when a tragedy exposes secrets that put their friendship to the test."
Martin Clunes' Islands of America,No year,Serie,No genre,No Rating,https://acorn.tv/islandsofamerica/,"Martin Clunes: Islands o...,Martin Clunes: A Man & H...,Martin Clunes: My Trav...,Islands of Britain,Martin Clunes Horsepower",Martin Clunes,"Martin Clunes (Doc Martin, Manhunt) es un ""compañero de viaje adorable"" (The Independent) en este viaje divertido y educativo de las maravillosas costas de Estados Unidos. Desde los volcanes de Hawái hasta las colonias de focas de California, desde el baile de salsa en Puerto Rico hasta los ponis salvajes nadando en Virginia, este encantador diario de viaje muestra paisajes impresionantes y diversos; encuentros increíbles con la vida silvestre; y comentarios interesantes."
Collision,2009 ,Serie, Drama ,No Rating,https://acorn.tv/collision/,"Douglas Henshall,Dean Lennox Kelly,Jo Woodcock,Lucy Griffiths,David Bamber","ITV, STV, UTV","""Del creador de Foyle's War, esta miniserie ""brillante"" (TV Times) y ""terriblemente atractiva"" (Telegraph) describe un devastador accidente automovilístico, su impacto en las víctimas y las muchas revelaciones que surgen, desde el contrabando hasta las conspiraciones y desde el romance hasta el asesinato. Douglas Henshall (Shetland) y Kate Ashfield (Shaun of the Dead) protagonizan como detectives, junto con Phil Davis, Lucy Griffiths y Paul McGann."
Wild at Heart,2006 ,Serie, Drama ,No Rating,https://acorn.tv/wildatheart/,"Stephen Tompkinson,Deon Stewardson,Lucy‑Jo Hudson,Amanda Holden,Luke Ward‑Wilkinson","ITV, STV, UTV, ITV HD","In this hit British drama series, a newly blended family finds common ground in the African bush. The Trevanions are a troubled brood when father Danny (Stephen Tompkinson, Brassed Off) takes them on a trip to Africa. Vacation turns to vocation when they decide to restore a rundown game reserve."
Civil War,1990 ,Serie, Bélico ,4.9,https://acorn.tv/civilwars/,"Civil War Combat,The War,Grant,Los parques nacional...,Baseball","Premio People's Choice a la Película o Miniserie de TV Favorita, MÁS","The English Civil War tore apart that country in the 17th century and toppled the monarchy--only for the crown to be restored a decade later. In this fascinating docuseries, historian Dr. Tristram Hunt explores the religious and political unrest that reverberated throughout England, Scotland, and Ireland, part of a wider struggle for supremacy between Catholics and Protestants in Europe."
Newton's Law,2017 ,Serie, Drama ,No Rating,https://acorn.tv/newtonslaw/,"Claudia Karvan,Georgina Naidu,Toby Schmitz,Sean Keenan,Jane Hall",ABC,"From the team behind Miss Fisher's Murder Mysteries, this Aussie legal drama is ""intelligent, stylish and nicely romantic"" (The Australian). Claudia Karvan (Jack Irish) stars as Josephine Newton, a skilled lawyer juggling her busy personal life along with a full caseload of quirky clients."
Detectorists,2014 ,Serie, Comedia ,5.0,https://acorn.tv/detectorists/,"Mackenzie Crook,Toby Jones,Rachael Stirling,Pearce Quigley,Gerard Horan",Mackenzie Crook,Mackenzie Crook (Piratas del Caribe) y Toby Jones (Historia de un Crimen) hacen una gran comedia en esta serie sobre dos hombres raros que recorren la campiña inglesa en busca de tesoros.
Britain's Bloodiest Dynasty,2014 ,Serie, Documental ,No Rating,https://acorn.tv/britainsbloodiestdynasty/,"Henry VIII and His Six Wives,Elizabeth I,Secrets of Great British C...,The Plantagenets,Monarchy",Documental,"Este emocionante documental en cuatro partes cuenta la historia de la familia Plantagenet que asumió control de Inglaterra, permaneciendo en el poder y despiadadamente aplastando a sus rivales durante 300 años."
East West 101,2007 ,Serie, Drama ,No Rating,https://acorn.tv/eastwest/,"Don Hany,Aaron Fa'aoso,Daniela Farinacci,Susie Porter,Renee Lim","Premio AACTA a la Mejor Serie Dramática de Televisión, MÁS","Siendo un musulmán devoto en la Australia después del 11 de septiembre, el detective Zane Malik siente la presión constante por probar su valía, pero choca frecuentemente con su jefe de la vieja escuela. Esta aclamada y galardonada serie de crimen encara los difíciles temas del mundo actual."
Mystery Road,2018 ,Serie, Misterio ,4.5,https://acorn.tv/mysteryroad/,"Aaron Pedersen,Tasma Walton,Judy Davis,Tasia Zalar,Wayne Blair","Kodie Bedford, Steven McGregor, Michaeley O'Brien","En el interior de Australia, la policía Emma James y el detective Jay Swan investigarán el caso de 2 chicos desaparecidos, pero solucionar tal misterio puede conducirlos a otros crímenes que asustan a este pueblo remoto, afligido por delitos, sospechas, secretos y mentiras. Protagonizan la actriz dos veces nominada al premio Oscar® Judy Davis (Feud, Life with Judy Garland) y Aaron Pedersen (Jack Irish)."
The Field of Blood,2011 ,Serie, Drama ,No Rating,https://acorn.tv/fieldblood/,"Jayd Johnson,Bronagh Gallagher,Ford Kiernan,Matt Costello,David Morrissey",Denise Mina,"Este aclamado drama policíaco de la BBC, sito en el Glasgow violento a comienzo de los años ochenta, sigue a Paddy, una periodista que se esfuerza por abrirse camino en la sala de redacción machista del Daily News. Su dedicación a la búsqueda de la verdad amenaza a ponerla en grave peligro."
One Lane Bridge,No year,Serie,No genre,No Rating,https://acorn.tv/onelanebridge/,No casters,No Directors,"En este misterio criminal con un toque oscuro y sobrenatural, el joven y ambicioso detective maorí Ariki Davis se une a la investigación de homicidio de una leyenda local en el infame One Lane Bridge. Mientras su jefe, el detective Tremaine dirige, Ariki desbloquea una habilidad sobrenatural en él. Conforme la presión para resolver el crimen aumenta, este don amenazará el caso, su carrera y su vida."
Winter,2015 ,Serie, Drama ,No Rating,https://acorn.tv/winter/,"Rebecca Gibney,Peter O'Brien,Akos Armont,Matthew Nable,Sara West",Seven Network,"En este fascinante drama de misterio australiano, un pequeño pueblo se estremece luego de que la búsqueda de una adolescente extraviada revela los cuerpos de cinco mujeres en el campo. La detective Eve Winter (Rebecca Gibney en la serie Packed to the Rafters) se encarga de la investigación con su élite de detectives de homicidio."
Sensitive Skin,2014 ,Serie, Comedia ,No Rating,https://acorn.tv/sensitiveskin/,"Kim Cattrall,Don McKellar,Bob Martin,Colm Feore,Nicolas Wright","Canadian Screen Awards: Premio Bell Media a la Mejor Interpretación Continua de una Actriz en un Papel Cómico Principal, MÁS","La ganadora del Globo de Oro® Kim Cattrall (Sex and the City) ""nunca ha estado mejor"" (The Guardian) que en esta ingeniosa y conmovedora drama-comedia sobre la crisis de la mediana edad. Como mujer de cierta edad, vende la casa de la familia y se muda con su marido de toda la vida (Don McKellar, Slings & Arrows) a un condominio en el centro de la ciudad en un esfuerzo consciente por cambiar sus vidas y comenzar de nuevo. Desafortunadamente, eso es exactamente lo que sucede."
The Great Train Robbery,2013 ,Serie, Drama ,No Rating,https://acorn.tv/greattrainrobbery/,"Luke Evans,Jack Roth,Martin Compston,Robert Glenister,Paul Anderson","Julian Jarrold, James Strong","El 8 de agosto, 1963, Gran Bretaña amanece con la noticia del robo más grande en su historia. ¿Quién se atrevió a ejecutar un asalto tan audaz? Este electrizante drama del aclamado escritor de Broadchurch es la historia clásica de un robo y a la vez un misterio fascinante de la vida real."
Upper Middle Bogan,2013 ,Serie, Comedia ,No Rating,https://acorn.tv/uppermiddlebogan/,"Annie Maynard,Michala Banas,Patrick Brammall,Robyn Butler,Madeleine Jevic","ABC, ABC Television","La vida perfecta y lujosa de la doctora Bess Denyar se pone de cabeza cuando se entera de que es adoptada y conoce a sus padres biológicos, los Wheeler, quienes, junto con sus hijos, dirigen un equipo de carreras de aceleración a las afueras de la ciudad. Encontrar un punto de encuentro entre dos familias tan contrastantes será un gran reto para Bess, pero con resultados divertidos y conmovedores."
Indian Summers,2015 ,Serie, Pieza de época ,No Rating,https://acorn.tv/indiansummers/,"Henry Lloyd‑Hughes,Julie Walters,Nikesh Patel,Jemima West,Aysha Kala","Paul Rutman, Lisa McGee, Anna Symon, Nicole Taylor","Fijado en la grandeza del Himalaya, esta saga radical relata los dramáticos últimos años del imperio británico en India. Julie Walters (Películas de Harry Potter) encabeza un reparto coral que representan a dos familias -- una británica y una india -- a las cuales las junta y las separa la política, los valores conflictivos y el amor ilícito. ""Convincente...deliciosamente espumosa y llena de sol"" -- The Hollywood Reporter."
Land Girls,2009 ,Serie, Drama ,4.5,https://acorn.tv/landgirls/,"Becci Gemmell,Susan Cookson,Sophie Ward,Mark Benton,Mykola Allen","BBC, BBC One","Este drama de la época de la BBC con un encantador elenco sigue las vidas, los amores, los altibajos de los miembros del Ejército de Mujeres de la Tierra durante la Segunda Guerra Mundial. Mientras los hombres luchaban en los campos de batalla, las mujeres de todos los ámbitos de la vida trabajaban en las granjas que alimentaban a la nación, haciendo su parte para mantener el frente en funcionamiento."
Murdoch Mysteries,2008 ,Serie, Misterio ,4.8,https://acorn.tv/murdoch/,"Yannick Bisson,Hélène Joy,Jonny Harris,Thomas Craig,Lachlan Murdoch","CBC, Ovation, Citytv","En sus vacaciones, Murdoch y Julia visitan al hermano de Murdoch, Jasper (Dylan Neal, Dawson's Creek), pero terminan investigando un asesinato en un sitio arqueológico, que los lleva a encuentros con los nativos songish y haida. Mientras tanto, a los Brackenreid les surge una oportunidad de inversión y Crabtree y Higgins planean ir a esquiar. Con la aparición de Megan Follows (Reign)."
No Tears,No year,Serie,No genre,No Rating,https://acorn.tv/notears/,No casters,No Directors,"Como una potente crítica a la corrupción y una inspirante historia del poder de las personas, esta fascinante miniserie dramatiza un escándalo médico de la vida real que sacudió a Irlanda."
Finding Joy,2018 ,Serie, 2 temporadas,No Rating,https://acorn.tv/findingjoy/,"Amy Huberman,Lochlann O'Mearain,Paul Reid,Peter McDonald,Aisling Bea",Amy Huberman,"Amy Huberman (Striking Out, The Clinic) creó, escribió y protagoniza esta peculiar comedia irlandesa que afirma la vida. Joy ordenada y estructurada está lidiando con una ruptura desordenada cuando una nueva asignación de trabajo la obliga a buscar la felicidad en los lugares más inusuales. ""Huberman tiene simpatía cálida, casi sin esfuerzo en espadas"" -Independiente (Irlanda). Co-protagonizada por el aclamado comediante irlandés Aisling Bea."
Black Widows (Scandinavian Version),No year,Serie,No genre,No Rating,https://acorn.tv/blackwidows_intl/,No casters,No Directors,"Este drama escandinavo sigue las crisis de la mediana edad de tres mejores amigas: Rebecka, Johanne y Kira. Cuando un relajante fin de semana en Noruega se torna desastroso después de un accidente, las vidas de las mujeres jamás serán iguales."
Like Father Like Son,2005 ,Serie, Crimen ,No Rating,https://acorn.tv/likefatherlikeson/,"Somerset Sidney Prew,Francesca Fowler,Jemma Redgrave,Florence Bell,Robson Green",Crimen,"Dee Stanton (Jemma Redgrave, Holby City) parece tener la vida perfecta, con una próspera carrera y un apuesto prometido (Robson Green, Grantchester). Pero el pasado trágico de Dee regresa a atormentarla cuando su hijo descubre que su padre es un asesino en serie. Después del asesinato de una chica, Dee teme que la historia se esté repitiendo. En esta emocionante serie de misterio psicológico también protagoniza Tara Fitzgerald (Game of Thrones)."
The Last Enemy,2008 ,Serie, Drama ,No Rating,https://acorn.tv/lastenemy/,"Benedict Cumberbatch,Anamaria Marinca,Max Beesley,Robert Carlyle,Geraldine James","Premio Satellite al Mejor Actor de Miniserie o Película Para Televisión, Premio Satellite a la Mejor Miniserie","En este thriller, el nominado al premio Oscar®, Benedict Cumberbatch (Sherlock) es un genio matemático que se verá atrapado en casos turbios de encubrimiento y de alcance internacional, donde el gobierno británico cuenta con una base de datos centralizada para vigilar al 100% a sus ciudadanos. ¿En quién podrá confiar? Con Max Beesley (Hotel Babylon) y Robert Carlyle (Once Upon a Time)."
Elizabeth I,2005 ,Serie, Drama ,No Rating,https://acorn.tv/elizabeth/,"Helen Mirren,Jeremy Irons,Hugh Dancy,Toby Jones,Patrick Malahide","Premio Satellite a la Mejor Actriz de Miniserie o Película para Televisión, MÁS","Helen Mirren, Jeremy Irons y Hugh Dancy estelarizan esta miniserie galardonada con múltiples premios Emmy® y Golden Globe® que trata sobre la vida y amores de la reina Isabel I. Más allá del mito, conoceremos sus historias íntimas; desde su amor por el conde de Leicester hasta su pasión por el traicionero conde de Essex. Una joya que el New York Times describió como ""Un rico retrato de una mujer poderosa""."
Home Fires,2015 ,Serie, Pieza de época ,4.8,https://acorn.tv/homefires/,"Samantha Bond,Claire Rushbrook,Clare Calbraith,Francesca Annis,Ruth Gemmell",Simon Block,"¡Mujeres al frente! Las aclamadas actrices Samantha Bond (Downton Abbey, Outnumbered) y Francesca Annis (The Little House, Cranford) encabezan un impresionante elenco en este drama de época que el Wall Street Journal califica de ""irresistible"". Mientras se avecina la Segunda Guerra Mundial, las mujeres de una comunidad rural de Cheshire se unen para apoyar el esfuerzo de la guerra, a su pueblo y unas a otras."
Midsomer Murders,1997 ,Serie, Misterio ,4.7,https://acorn.tv/midsomermurders/,"John Nettles,Neil Dudgeon,Jane Wymark,Fiona Dolman,Barry Jackson","Caroline Graham, Helen Jenkins","Las típicas series inglesas sobre pueblos misteriosos adquieren un frescor contemporáneo gracias a esta producción que ha acumulado seguidores a nivel mundial. Los ambientes bucólicos darán lugar a crímenes macabros y personajes excéntricos que le darán batalla al detective Tom Barnaby y su equipo ""en un delicioso estilo letalmente encantador"" (Leonard Maltin's Movie Crazy)."
Public Enemies,2012 ,Serie, Drama ,No Rating,https://acorn.tv/publicenemies/,"Daniel Mays,Anna Friel,Lorraine Ashbourne,Barbara Marten,Georgina Rich","BBC, BBC One","Luego de que Eddie Mottram (Daniel Mays, Line of Duty) sale de prisión bajo libertad condicional, su oficial supervisora (Anna Friel, Pushing Daisies, Marcella) trata de ayudarlo a reintegrarse a la sociedad. Pero cuando Eddie asegura que es inocente del crimen que se le acusa, Paula deberá decidir si le cree y si está dispuesta a arriesgar su carrera para ayudarlo."
Mr. Selfridge,2013 ,Serie, Pieza de época ,4.8,https://acorn.tv/selfridge/,"Jeremy Piven,Amanda Abbington,Tom Goodman‑Hill,Ron Cook,Aisling Loftus",Jeremy Piven,"Dubbed ""Downton's racier cousin"" (Independent, UK), this sumptuous drama features Emmy® winner Jeremy Piven (Entourage) as flamboyant American entrepreneur Harry Selfridge, who arrives in London in 1908 with a grand plan--to open the finest department store the world has ever seen. The locals have their doubts, and his staff need convincing. But Harry is undaunted, determined to pursue his dream."
The Indian Doctor,2010 ,Serie, Drama ,4.8,https://acorn.tv/indiandoctor/,"Ayesha Dharker,Sanjeev Bhaskar,Mali Harries,Jacob Oakley,Ifan Huw Dafydd",15,"Este inspirado y entrañable drama de la BBC sigue a un doctor indio que se muda a una pequeña aldea de Gales a comienzos de 1960. Mientras él y su esposa de la alta sociedad se ajustan a la vida en un pueblo minero, comienzan a transformar la comunidad - y la comunidad a ellos."
Jack Taylor,2010 ,Serie, Crimen ,4.5,https://acorn.tv/jacktaylor/,"Iain Glen,Nora Jane Noone,Killian Scott,Pádraic Breathnach,Jack Monaghan","Ken Bruen, Stuart Orme","El bebedor y expolicía Jack Taylor (Iain Glen, Game of Thrones) se convertirá en un rudo detective privado en Galway que luchará contra el crimen y sus demonios."
All Creatures Great & Small,No year,Serie,No genre,No Rating,https://acorn.tv/allcreatures/,No casters,No Directors,"Recién graduado del Colegio de Veterinarios de Glasgow, James Herriot viaja a Yorkshire para alcanzar sus sueños y comienza como asistente del excéntrico doctor Siegfried Farnon. En el ínter deberá lidiar con la familia disfuncional de su jefe, aprender a curar a los animales y tratar con sus dueños; también se sentirá atraído por una chica hermosa que le dará otra razón para quedarse en Yorkshire."
Deep Water,2016 ,Serie, Crimen ,No Rating,https://acorn.tv/deepwater/,"Yael Stone,Noah Taylor,Jeremy Lindsay Taylor,Danielle Cormack,Ben Oxenbould","Premio Logie a la Actriz Más Destacada, MÁS","Inspirada en hechos reales, esta miniserie australiana es ""una serie adictiva y electrizante"" (DailyReview.com.au). Dos detectives investigan el brutal asesinato de una joven. Conforme avanza el caso, los detectives descubren vínculos a una serie de asesinatos sin resolver de hombres homosexuales en las décadas de los 80 y los 90."
Ackley Bridge,2017 ,Serie, Comedia dramática ,4.7,https://acorn.tv/ackleybridge/,"Amy‑Leigh Hickman,Poppy Lee Friar,Liz White,Samuel Bottomley,Nohail Nazir Mohammed",26,"From the writers of the BAFTA Best Drama winner Shameless (UK) and BAFTA Best Miniseries winner National Treasure comes this school-based British drama. Ackley Bridge offers a gritty, funny, and truthful look into the daily drama of teachers, teenagers, and families whose lives and cultures collide when two schools are integrated after years of racial segregation in a small Yorkshire town."
Kingdom,2019 ,Serie, Terror ,4.9,https://acorn.tv/kingdom/,"Ju Ji‑hoon,Bae Doona,Jun Ji Hyun,Ryu Seung‑ryong,Kim Hye‑jun",12,"Esta ""encantadora"" (Examiner.com) serie sigue a Peter Kingdom, un abogado compasivo cuya vida es eclipsada por la misteriosa desaparición de su hermano. Fijado en Market Shipborough en la belleza del paisaje de Norfolk, el drama se enfoca en la familia disfuncional de Kingdom, la gente con la que trabaja y los ciudadanos del pueblo."
McCallum,1995 ,Serie, Drama ,No Rating,https://acorn.tv/mccallum/,"John Hannah,Zara Turner,Gerard Murphy,James Saxon,Richard O'Callaghan",ITV,"Valiente y realista, McCallum protagoniza a John Hannah como el patólogo forense el Dr. Iain McCallum."
Babylon,2017 ,Serie, Drama ,4.7,https://acorn.tv/babylon/,"Liv Lisa Fries,Volker Bruch,Leonie Benesch,Lars Eidinger,Mišel Matičević","ARD, Das Erste, Sky 1 Deutschland","From Oscar®-winning director and producer Danny Boyle (Slumdog Millionaire) and the BAFTA-winning writers of Peep Show, this ""fantastic"" (Hollywood Reporter) British drama upends the typical cop show with its cutting take on modern society. James Nesbitt (The Hobbit trilogy) and Brit Marling (The OA) star in a ""darkly satirical comedy about law enforcement and its discontents"" (New York Times)."
Miss Fisher's Murder Mysteries,2012 ,Serie, Misterio ,4.9,https://acorn.tv/missfisher/,"Essie Davis,Nathan Page,Ashleigh Cummings,Hugo Johnstone‑Burt,Travis McMahon","Deb Cox, Fiona Eagger","Este misterio de época elegante y sexy tiene como protagonista a Essie Davis (The Babadook) en el papel de Phryne Fisher, una mujer completamente moderna que opera en un mundo mayoritariamente masculino. Ambientada en la Melbourne de los años 20, la serie sigue a la glamurosa mujer detective mientras realiza su trabajo con una pistola en mano y, la mayoría de las veces, con un admirador masculino aún más cerca."
Line of Duty,2012 ,Serie, Drama ,4.9,https://acorn.tv/lineofduty/,"Martin Compston,Vicky McClure,Adrian Dunbar,Keeley Hawes,Craig Parkinson","BBC, BBC Two, BBC One","Como tantas otras unidades policíacas, AC-12 investiga a criminales - pero los infractores que captura son oficiales de policía en cumplimiento de su deber. Un elenco de primera es la base de esta serie venerada por los críticos, llamada ""de no perderse"" por The Times (Reino Unido)."
The Clinic,2003 ,Serie, Drama ,No Rating,https://acorn.tv/clinic/,"Amy Huberman,Dominic Mafham,Gary Lydon,Aisling O'Sullivan,Chris O'Dowd","Lilie Ferrari, Orla Bleahen-Melvin","Sita en Dublín de hoy en día, este trepidante y contemporáneo drama sigue a un grupo de dedicados profesionales médicos trabajando en una clínica muy concurrida de la ciudad."
Complicit,2013 ,Movie, Drama ,No Rating,https://acorn.tv/complicit/,"David Oyelowo,Arsher Ali,Rupert Procter,Denise Gough,Paul Ritter",Premio de Televisión de la Academia Británica al Mejor Telefilm,"Del aclamado escritor Guy Hibbert (Blood and Oil, Five Minutes of Heaven, Omagh) y con David Oyelowo (Selma, Lincoln) como protagonista, ""Complicit"" es una película impresionante y acelerada que nos da una visión aguda del peligroso mundo del contraterrorismo."
Still Life: A Three Pines Mystery,2013 ,Movie, Misterio,No Rating,https://acorn.tv/stilllife/,"Nathaniel Parker,Kate Hewlett,Anthony Lemke,Gabriel Hogan,Susanna Fournier","Canadian Screen Award al Mejor Actriz Principal en un Programa o Mini-Serie Dramática, MÁS","En este intrigante drama basado en la premiada novela de Louise Penny, un pueblo pintoresco queda aterrado cuando encuentran el cadáver de una maestra muy querida."
Miss Fisher and the Crypt of Tears,2020 ,Movie, Misterio/Aventura ,3.8,https://acorn.tv/cryptoftears/,"Essie Davis,Nathan Page,Ashleigh Cummings,Miriam Margolyes,Hugo Johnstone‑Burt","Kerry Greenwood, Deb Cox","La glamorosa detective Phryne Fisher (Essie Davis, The Babadook) regresa en una secuela cinematográfica de la popular serie de televisión. En 1929, Jerusalén, el rescate de Phryne de una joven beduina la lleva a una aventura de trote por el mundo para descubrir tesoros invaluables, secretos de guerra y una antigua tumba con una terrible maldición, con la ayuda del apuesto detective Jack Robinson (Nathan Page, Underbelly) ."
Sisters of War,2010 ,Movie, 1h 35m,No Rating,https://acorn.tv/sistersofwar/,"Claire van der Boom,Sarah Snook,Susie Porter,Gerald Lepkowski,Paulini","Premio Logie al Mejor Nuevo Talento, MÁS","Mientras la guerra prosigue, un grupo de enfermeras australianas y monjas católicas en una isla del Pacífico se convierten en prisioneras de guerra de los japoneses. Basada en eventos reales, esta fascinante película es una historia de valor, supervivencia, y absolución en una época angustiosa. Con la actuación estelar de Claire van der Boom (""Hawaii Five-O"") y Sarah Snook (""The Glass Castle"") en interpretaciones galardonadas, y con Susie Porter (Janet King)."
Wreckers,2011 ,Movie, Drama ,No Rating,https://acorn.tv/wreckers/,"Claire Foy,Benedict Cumberbatch,Shaun Evans,Peter McDonald,Sinéad Matthews",Inglés,"Oscar® nominee Benedict Cumberbatch (Avengers films) and Golden Globe® winner Claire Foy (The Crown) star in this ""brooding drama of rural disquiet and sexual tension"" (The Guardian). David and Dawn move to his idyllic hometown to start a family, but their marriage begins to fray when his disturbed brother (Shaun Evans, Endeavour) reveals long-buried secrets. ""Intriguing, well-acted"" --Variety."
The Black Velvet Gown,1991 ,Movie, Drama ,No Rating,https://acorn.tv/blackvelvetgown/,"Janet McTeer,Geraldine Somerville,Bob Peck,Jonathan Firth,David Hunt",2 de junio de 1991,"Winner of an International Emmy® for Best Drama and based on the novel by Catherine Cookson, this period drama set in 1830s England portrays the complicated relationship between a mother (Janet McTeer, Albert Nobbs) and daughter (Geraldine Somerville, Gosford Park) as they fight for a better life and challenge the prejudice of their society. ""Compelling adaptation…hook[s] you"" - Los Angeles Times."
United,2011 ,Movie, Drama/Deportes ,No Rating,https://acorn.tv/united/,"Sam Claflin,David Tennant,Dougray Scott,Kate Ashfield,Melanie Hill",Clint Mansell,"Del creador de Broadchurch, este desgarrador e inspirador drama cuenta la historia real del legendario equipo de Manchester United que convirtió la tragedia en triunfo después de un accidente aéreo de 1958 que mató a ocho jugadores. ""Poderoso, cautivador y muy humano"" (The Guardian). Protagonizan David Tennant (Good Omens), Jack O'Connell (Unbroken), Dougray Scott (The Woman in White) y Sam Claflin (las películas de Hunger Games)."
Glorious 39,2009 ,Movie, Bélico/Suspenso ,No Rating,https://acorn.tv/glorious39/,"Romola Garai,Bill Nighy,Eddie Redmayne,Julie Christie,David Tennant",Stephen Poliakoff,"En este thriller de la Segunda Guerra Mundial protagonizado por Bill Nighy, David Tennant y Eddie Redmayne, una joven inglesa (Romola Garai, Emma) encuentra grabaciones ocultas que la llevan al peligro."
The Sum of Us,1994 ,Movie, Romance/Independiente ,No Rating,https://acorn.tv/sumofus/,"Russell Crowe,Jack Thompson,Deborah Kennedy,John Polson,Joss Moroney","Premio AACTA al Mejor Actor Secundario, MÁS","Academy Award® winner Russell Crowe (Gladiator) and Jack Thompson (Breaker Morant) star in this multi-award-winning Australian drama about a widower, Harry, and his gay son, Jeff, both looking for romance. Filled with ""honesty and warmth...a heartfelt script, in-depth characters, and classy performers"" (Variety), this is a witty and poignant social comedy about the triumph of unconditional love."
The Scapegoat,2012 ,Movie, Drama/Drama ,No Rating,https://acorn.tv/scapegoat/,"Matthew Rhys,Andrew Scott,Eileen Atkins,Jodhi May,Anton Lesser",Daphne du Maurier,"Emmy winner® Matthew Rhys (The Americans) stars in this morally complex, darkly comic, and suspenseful film based on the novel by Daphne du Maurier. When unemployed teacher John runs into his doppelgänger, he ends up switching places with the wealthy but wicked Johnny. Also starring Eileen Atkins (Doc Martin), this is ""a fascinating exploration of the dark side of the self"" -Chicago Tribune."
Belonging,2004 ,Movie, Drama ,No Rating,https://acorn.tv/belonging/,"Brenda Blethyn,Kevin Whately,Rosemary Harris,Anna Massey,Peter Sallis",Premio de Televisión de la Academia Británica a la Mejor Actriz Principal,"Leaving North America June 11th. Brenda Blethyn (Vera) and Kevin Whately (Inspector Lewis) are Jess and Jacob Copplestone, a married couple caring for his elderly relatives. But when Jacob leaves her, Jess must adapt to her new life. Based on the acclaimed novel and written by BAFTA winner Alan Plater (The Last of the Blonde Bombshells), this tale of love lost is a tender, perceptive, and humorous portrait of human endurance."
The Lilac Bus,No year,Movie,No genre,No Rating,https://acorn.tv/lilacbus/,No casters,No Directors,"Basado en la novela de Maeve Binchy, este drama irlandés cuenta la historia de siete personas de la villa de Rathdoon quienes viajan cada fin de semana a Dublin, y del conductor del bus lila, quien los lleva a aquel lugar."
The Ballroom Boys,2016 ,Movie, Documental ,No Rating,https://acorn.tv/ballroomboys/,,"Michael Stylianou, Candi Bloxham","En el mundo de la competencia de bailes hay una grave escasez de jóvenes varones bailarines, y hay cientos de chicas haciendo cola por cada chico. Este encantador documental sigue a cuatro de estos escasos chicos, desde una pequeña parte de Gales donde el rugby es el rey para la mayoría de los jóvenes varones, mientras se dirigen a la mayor competencia de sus vidas: los campeonatos del Reino Unido. ""Fascinante y frecuentemente conmovedora"" - The Guardian"
The Man Who Lost His Head,2007 ,Movie, Drama/Comedia ,No Rating,https://acorn.tv/manwholosthead/,"Martin Clunes,John Callen,Gareth Reeves,John Leigh,Nicola Kawana",Eve Gutierrez,"Ian Bennet es un curador del Museo Imperial Británico. El drama sigue su trayectoria de los polvorientos cuartos traseros del museo a los paisajes cautivadores y salvajes de la costa oeste de Nueva Zelanda, donde se ve sobrepasado cuando va en busca de la devolución de un antiguo grabado maorí."
Saving Grace,2000 ,Movie, Comedia/Stoner ,No Rating,https://acorn.tv/savinggrace/,"Brenda Blethyn,Craig Ferguson,Martin Clunes,Mark Crowdy,Tchéky Karyo","Craig Ferguson, Mark Crowdy","Enfrentando la viudez y las grandes deudas, Grace (Brenda Blethyn, Vera) se une a su jardinero (Craig Ferguson, The Late Late Show) para cultivar cannabis en esta encantadora comedia."
The Silence (2006),2006 ,Movie, Suspenso/Novela policíaca ,No Rating,https://acorn.tv/thesilence/,"Richard Roxburgh,Essie Davis,Emily Barclay,Alice McConnell,Damian de Montemas","Mary Walsh, Alice Addison","Tras un evento traumático, suspenden al detective Treloar y lo asignan a un museo, donde debe organizar una exhibición de fotos de escenas de crímenes que sucedieron en los sesenta. Entre esas fotos descubre la de una hermosa víctima de homicidio. La obsesión de Richard por descubrir al asesino abrirá una caja de Pandora que le enseñará la cruda verdad no solo sobre la víctima, también sobre él mismo."
"Goodbye, Mr. Chips",1939 ,Movie, Romance/Drama ,No Rating,https://acorn.tv/goodbyemrchips/,"Robert Donat,Greer Garson,John Mills,Paul Henreid,Terry Kilburn","James Hilton, Claudine West, R. C. Sherriff, Eric Maschwitz","Martin Clunes (Doc Martin) protagoniza la clásica historia de un maestro de buen corazón en una escuela de niños a fines del siglo XIX. Viajando desde el comienzo poco inspirador del Sr. Chips en su profesión a un sorprendente romance, tragedia personal y más allá, este ""lagrimador que afirma la vida, interpretado por un elenco de nivel A"" (Sydney Morning Herald) también está protagonizado por Victoria Hamilton (The Crown) y Conleth Hill (Juego de tronos)."
Anner House,2007 ,Movie, Drama/Romance,No Rating,https://acorn.tv/annerhouse/,"Liam Cunningham,Flora Montgomery,Conor Mullen,Amrain Ismail‑Essop,Ntobeko Rwanda",Tora Young,"Una historia romántica de sueños y aspiraciones. Ambientada en Ciudad del Cabo y basada en una historia corta de Maeve Binchy, Anner House es la historia de Ruth, un emigrante irlandés, y Neil, un irlandés que está luchando por recuperar su vida después del colapso de su matrimonio. La pareja lucha para lidiar con su pasado mientras toman decisiones que cambian su vida sobre su futuro."
Lawless,2012 ,Movie, Crimen/Drama ,4.5,https://acorn.tv/lawless/,"Tom Hardy,Shia LaBeouf,Jessica Chastain,Guy Pearce,Jason Clarke","Annapurna Pictures, Benaroya Pictures, MÁS","En este emocionante thriller cargado de acción, al expolicía y ahora investigador John Lawless (Kevin Smith, Xena: Warrior Princess) lo acusan inesperadamente de un crimen desalmado que, por supuesto no cometió, y, en su desesperación, decide reclutar a sus amigos y contactos, dentro y fuera de la ley, para comprobar su inocencia y poder atrapar a quien resulte responsable. ¿Podrán hacer justicia?"
Golden Years,2016 ,Movie, Comedia/Crimen ,No Rating,https://acorn.tv/goldenyears/,"Bernard Hill,Simon Callow,Virginia McKenna,Una Stubbs,Phil Davis","Bradley Moore, Nick Knowles, Stephen Coates, Andrea Coates, Rowan Constable","La pareja de retirados Arthur (Bernard Hill, ""Wolf Hall,"" la trilogía ""El Señor de los Anillos"") y Martha Goode (Virginia McKenna, ""The Camomile Lawn"") viven una vida tranquila en los suburbios, cuidando de su jardín y socializando con amigos en el club. Pero cuando la crisis financiera de la nación acaba con sus cuantas de pensiones que tanto les costó ahorrar, la pareja aprovecha la oportunidad de reponer sus fondos por medio de robos."
Affinity,2008 ,Movie, Drama/Romance ,No Rating,https://acorn.tv/affinity/,"Anna Madeley,Zoe Tapper,Anne Reid,Amanda Plummer,Domini Blythe","Sarah Waters, Andrew Davies","Adaptada por Andrew Davis (Pride and Prejudice) de la novela de Sarah Waters, este cuento lleno de giros sigue a la joven heredera Margaret Prior (Anne Madeley, Patrick Melrose) mientras hace amistad con la espiritista presa, Selina Dawes (Zoe Tapper, Mr. Selfridge) en el Londrés victoriano. ""Una mezcla cautivadora de romance sáfico y un misterio sobrenatural...actuaciones fuertes y una línea narrativa fascinante"" -- Variety."
Care,No year,Movie,No genre,No Rating,https://acorn.tv/care/,No casters,No Directors,"Una película llena de empatía sobre Jenny, una madre soltera con dos hijos, se las arreglará para cuidar a su mamá quien acaba de sufrir una embolia. Tendrá que luchar contra todo para conseguir la ayuda que su familia necesita y poder salir adelante. Un reflejo de la vida real sobre los menos afortunados que se ven perjudicados con recortes presupuestales."
The Scarlet Pimpernel,1934 ,Movie, Aventura/Drama ,No Rating,https://acorn.tv/scarletpimpernel/,"Leslie Howard,Merle Oberon,Raymond Massey,Anthony Bushell,Nigel Bruce","Emma Orczy, Alexander Korda, Lajos Biró, Arthur Wimperis, Robert Emmet Sherwood, Samuel Nathaniel Behrman","Esta adaptación de la historia de capa y espada de la Baronesa Orczy cuenta con Anthony Andrews (""Brideshead Revisited"") en el papel estelar del elegante joven inglés que oculta su identidad de la aristocracia francesa."
